timestamp,prompt_id,prompt_file,model,output_file,status,syntax_valid,notes
2026-04-23 18:05:27,prompt1,prompt1.txt,gemini,Outputs/Gemini/prompt1/2026-04-23_180527_app.py,valid_python,True,pipeline ran ok
2026-04-23 18:05:35,prompt1,prompt1.txt,chatgpt,Invalid_Outputs/ChatGPT/prompt1/2026-04-23_180535_app.py,invalid_python,False,Line 8: invalid syntax. Maybe you meant '==' or ':=' instead of '='?
2026-04-23 18:05:48,prompt1,prompt1.txt,claude,Outputs/Claude/prompt1/2026-04-23_180548_app.py,valid_python,True,pipeline ran ok
2026-04-23 18:06:13,prompt1,prompt1.txt,claude_opus,Invalid_Outputs/Claude_Opus/prompt1/2026-04-23_180613_app.py,invalid_python,False,Line 27: invalid syntax
2026-04-23 18:06:32,prompt1,prompt1.txt,copilot,Outputs/Copilot/prompt1/2026-04-23_180632_app.py,valid_python,True,pipeline ran ok
2026-04-23 18:09:28,prompt1,prompt1.txt,gemini,Outputs/Gemini/prompt1/2026-04-23_180928_app.py,valid_python,True,pipeline ran ok
2026-04-23 18:09:34,prompt1,prompt1.txt,chatgpt,Outputs/ChatGPT/prompt1/2026-04-23_180934_app.py,valid_python,True,pipeline ran ok
2026-04-23 18:09:46,prompt1,prompt1.txt,claude,Invalid_Outputs/Claude/prompt1/2026-04-23_180946_app.py,invalid_python,False,Line 104: invalid syntax
2026-04-23 18:10:08,prompt1,prompt1.txt,claude_opus,Invalid_Outputs/Claude_Opus/prompt1/2026-04-23_181008_app.py,invalid_python,False,Line 79: invalid syntax
2026-04-23 18:10:31,prompt1,prompt1.txt,copilot,Outputs/Copilot/prompt1/2026-04-23_181030_app.py,valid_python,True,pipeline ran ok
2026-04-23 18:10:44,prompt2,prompt2.txt,gemini,Outputs/Gemini/prompt2/2026-04-23_181044_app.py,valid_python,True,pipeline ran ok
2026-04-23 18:11:41,prompt2,prompt2.txt,chatgpt,Outputs/ChatGPT/prompt2/2026-04-23_181141_app.py,valid_python,True,pipeline ran ok
2026-04-23 18:12:03,prompt2,prompt2.txt,claude,Outputs/Claude/prompt2/2026-04-23_181203_app.py,valid_python,True,pipeline ran ok
2026-04-23 18:12:28,prompt2,prompt2.txt,claude_opus,Outputs/Claude_Opus/prompt2/2026-04-23_181228_app.py,valid_python,True,pipeline ran ok
2026-04-23 18:13:01,prompt2,prompt2.txt,copilot,Invalid_Outputs/Copilot/prompt2/2026-04-23_181301_app.py,invalid_python,False,Line 402: f-string: expecting '}'
2026-04-23 18:24:19,prompt1,prompt1.txt,gemini,N/A,generation_failed,False,503 UNAVAILABLE. {'error': {'code': 503; 'message': 'This model is currently experiencing high demand. Spikes in demand are usually temporary. Please try again later.'; 'status': 'UNAVAILABLE'}}
2026-04-23 18:24:28,prompt1,prompt1.txt,chatgpt,Invalid_Outputs/ChatGPT/prompt1/2026-04-23_182428_app.py,invalid_python,False,Line 29: invalid syntax
2026-04-23 18:32:15,prompt1,prompt1.txt,gemini,Outputs/Gemini/prompt1/2026-04-23_183215_app.py,valid_python,True,pipeline ran ok
2026-04-23 18:32:27,prompt1,prompt1.txt,chatgpt,Invalid_Outputs/ChatGPT/prompt1/2026-04-23_183227_app.py,invalid_python,False,Line 8: invalid syntax. Maybe you meant '==' or ':=' instead of '='?
2026-04-23 18:32:41,prompt1,prompt1.txt,claude,Invalid_Outputs/Claude/prompt1/2026-04-23_183241_app.py,invalid_python,False,Line 39: invalid syntax
2026-04-23 18:33:08,prompt1,prompt1.txt,claude_opus,Invalid_Outputs/Claude_Opus/prompt1/2026-04-23_183308_app.py,invalid_python,False,Line 58: invalid syntax
2026-04-23 18:33:31,prompt1,prompt1.txt,copilot,Outputs/Copilot/prompt1/2026-04-23_183331_app.py,valid_python,True,pipeline ran ok
2026-04-23 18:33:58,prompt10,prompt10.txt,gemini,Outputs/Gemini/prompt10/2026-04-23_183358_app.py,valid_python,True,pipeline ran ok
2026-04-23 18:34:06,prompt10,prompt10.txt,chatgpt,Outputs/ChatGPT/prompt10/2026-04-23_183406_app.py,valid_python,True,pipeline ran ok
2026-04-23 18:34:18,prompt10,prompt10.txt,claude,Outputs/Claude/prompt10/2026-04-23_183418_app.py,valid_python,True,pipeline ran ok
2026-04-23 18:34:56,prompt10,prompt10.txt,claude_opus,Outputs/Claude_Opus/prompt10/2026-04-23_183456_app.py,valid_python,True,pipeline ran ok
2026-04-23 18:35:01,prompt10,prompt10.txt,copilot,Outputs/Copilot/prompt10/2026-04-23_183501_app.py,valid_python,True,pipeline ran ok
2026-04-23 18:35:52,prompt2,prompt2.txt,gemini,Outputs/Gemini/prompt2/2026-04-23_183552_app.py,valid_python,True,pipeline ran ok
2026-04-23 18:36:08,prompt2,prompt2.txt,chatgpt,Outputs/ChatGPT/prompt2/2026-04-23_183608_app.py,valid_python,True,pipeline ran ok
2026-04-23 18:36:29,prompt2,prompt2.txt,claude,Outputs/Claude/prompt2/2026-04-23_183629_app.py,valid_python,True,pipeline ran ok
2026-04-23 18:36:54,prompt2,prompt2.txt,claude_opus,Outputs/Claude_Opus/prompt2/2026-04-23_183654_app.py,valid_python,True,pipeline ran ok
2026-04-23 18:37:13,prompt2,prompt2.txt,copilot,Outputs/Copilot/prompt2/2026-04-23_183713_app.py,valid_python,True,pipeline ran ok
2026-04-23 18:37:32,prompt3,prompt3.txt,gemini,Outputs/Gemini/prompt3/2026-04-23_183732_app.py,valid_python,True,pipeline ran ok
2026-04-23 18:37:54,prompt3,prompt3.txt,chatgpt,Outputs/ChatGPT/prompt3/2026-04-23_183754_app.py,valid_python,True,pipeline ran ok
2026-04-23 18:38:18,prompt3,prompt3.txt,claude,Outputs/Claude/prompt3/2026-04-23_183818_app.py,valid_python,True,pipeline ran ok
2026-04-23 18:38:46,prompt3,prompt3.txt,claude_opus,Outputs/Claude_Opus/prompt3/2026-04-23_183846_app.py,valid_python,True,pipeline ran ok
2026-04-23 18:38:56,prompt3,prompt3.txt,copilot,Outputs/Copilot/prompt3/2026-04-23_183856_app.py,valid_python,True,pipeline ran ok
2026-04-23 18:39:21,prompt4,prompt4.txt,gemini,Outputs/Gemini/prompt4/2026-04-23_183921_app.py,valid_python,True,pipeline ran ok
2026-04-23 18:39:27,prompt4,prompt4.txt,chatgpt,Outputs/ChatGPT/prompt4/2026-04-23_183927_app.py,valid_python,True,pipeline ran ok
2026-04-23 18:39:59,prompt4,prompt4.txt,claude,Outputs/Claude/prompt4/2026-04-23_183959_app.py,valid_python,True,pipeline ran ok
2026-04-23 18:40:44,prompt4,prompt4.txt,claude_opus,Outputs/Claude_Opus/prompt4/2026-04-23_184044_app.py,valid_python,True,pipeline ran ok
2026-04-23 18:40:50,prompt4,prompt4.txt,copilot,Outputs/Copilot/prompt4/2026-04-23_184050_app.py,valid_python,True,pipeline ran ok
2026-04-23 18:41:08,prompt5,prompt5.txt,gemini,Outputs/Gemini/prompt5/2026-04-23_184108_app.py,valid_python,True,pipeline ran ok
2026-04-23 18:41:13,prompt5,prompt5.txt,chatgpt,Outputs/ChatGPT/prompt5/2026-04-23_184113_app.py,valid_python,True,pipeline ran ok
2026-04-23 18:41:29,prompt5,prompt5.txt,claude,Outputs/Claude/prompt5/2026-04-23_184129_app.py,valid_python,True,pipeline ran ok
2026-04-23 18:42:00,prompt5,prompt5.txt,claude_opus,Outputs/Claude_Opus/prompt5/2026-04-23_184200_app.py,valid_python,True,pipeline ran ok
2026-04-23 18:42:06,prompt5,prompt5.txt,copilot,Outputs/Copilot/prompt5/2026-04-23_184206_app.py,valid_python,True,pipeline ran ok
2026-04-23 18:42:28,prompt6,prompt6.txt,gemini,Outputs/Gemini/prompt6/2026-04-23_184228_app.py,valid_python,True,pipeline ran ok
2026-04-23 18:42:35,prompt6,prompt6.txt,chatgpt,Outputs/ChatGPT/prompt6/2026-04-23_184235_app.py,valid_python,True,pipeline ran ok
2026-04-23 18:43:02,prompt6,prompt6.txt,claude,Outputs/Claude/prompt6/2026-04-23_184302_app.py,valid_python,True,pipeline ran ok
2026-04-23 18:43:38,prompt6,prompt6.txt,claude_opus,Outputs/Claude_Opus/prompt6/2026-04-23_184338_app.py,valid_python,True,pipeline ran ok
2026-04-23 18:43:45,prompt6,prompt6.txt,copilot,Outputs/Copilot/prompt6/2026-04-23_184345_app.py,valid_python,True,pipeline ran ok
2026-04-23 18:44:07,prompt7,prompt7.txt,gemini,Outputs/Gemini/prompt7/2026-04-23_184407_app.py,valid_python,True,pipeline ran ok
2026-04-23 18:44:23,prompt7,prompt7.txt,chatgpt,Outputs/ChatGPT/prompt7/2026-04-23_184423_app.py,valid_python,True,pipeline ran ok
2026-04-23 18:44:47,prompt7,prompt7.txt,claude,Outputs/Claude/prompt7/2026-04-23_184447_app.py,valid_python,True,pipeline ran ok
2026-04-23 18:45:27,prompt7,prompt7.txt,claude_opus,Invalid_Outputs/Claude_Opus/prompt7/2026-04-23_184527_app.py,invalid_python,False,Line 399: '(' was never closed
2026-04-23 18:45:39,prompt7,prompt7.txt,copilot,Outputs/Copilot/prompt7/2026-04-23_184539_app.py,valid_python,True,pipeline ran ok
2026-04-23 18:45:57,prompt8,prompt8.txt,gemini,Outputs/Gemini/prompt8/2026-04-23_184557_app.py,valid_python,True,pipeline ran ok
2026-04-23 18:46:11,prompt8,prompt8.txt,chatgpt,Outputs/ChatGPT/prompt8/2026-04-23_184611_app.py,valid_python,True,pipeline ran ok
2026-04-23 18:46:45,prompt8,prompt8.txt,claude,Outputs/Claude/prompt8/2026-04-23_184645_app.py,valid_python,True,pipeline ran ok
2026-04-23 18:47:15,prompt8,prompt8.txt,claude_opus,Outputs/Claude_Opus/prompt8/2026-04-23_184715_app.py,valid_python,True,pipeline ran ok
2026-04-23 18:47:23,prompt8,prompt8.txt,copilot,Outputs/Copilot/prompt8/2026-04-23_184723_app.py,valid_python,True,pipeline ran ok
2026-04-23 18:47:37,prompt9,prompt9.txt,gemini,Outputs/Gemini/prompt9/2026-04-23_184737_app.py,valid_python,True,pipeline ran ok
2026-04-23 18:47:43,prompt9,prompt9.txt,chatgpt,Outputs/ChatGPT/prompt9/2026-04-23_184743_app.py,valid_python,True,pipeline ran ok
2026-04-23 18:47:58,prompt9,prompt9.txt,claude,Outputs/Claude/prompt9/2026-04-23_184758_app.py,valid_python,True,pipeline ran ok
2026-04-23 18:48:38,prompt9,prompt9.txt,claude_opus,Invalid_Outputs/Claude_Opus/prompt9/2026-04-23_184838_app.py,invalid_python,False,Line 361: '{' was never closed
2026-04-23 18:48:42,prompt9,prompt9.txt,copilot,Outputs/Copilot/prompt9/2026-04-23_184842_app.py,valid_python,True,pipeline ran ok
